series_id,year,period,value
LNS14000000,2024,M12,4.1
LNS14000000,2024,M11,4.2
LNS14000000,2024,M10,4.1
LNS14000000,2024,M09,4.1
LNS14000000,2024,M08,4.2
LNS14000000,2024,M07,4.2
LNS14000000,2024,M06,4.1
LNS14000000,2024,M05,3.9
LNS14000000,2024,M04,3.9
LNS14000000,2024,M03,3.9
LNS14000000,2024,M02,3.9
LNS14000000,2024,M01,3.7
LNS14000000,2023,M12,3.8
LNS14000000,2023,M11,3.7
LNS14000000,2023,M10,3.9
LNS14000000,2023,M09,3.7
LNS14000000,2023,M08,3.7
LNS14000000,2023,M07,3.5
LNS14000000,2023,M06,3.6
LNS14000000,2023,M05,3.6
LNS14000000,2023,M04,3.4
LNS14000000,2023,M03,3.5
LNS14000000,2023,M02,3.6
LNS14000000,2023,M01,3.5
LNS14000000,2022,M12,3.5
LNS14000000,2022,M11,3.6
LNS14000000,2022,M10,3.6
LNS14000000,2022,M09,3.5
LNS14000000,2022,M08,3.6
LNS14000000,2022,M07,3.5
LNS14000000,2022,M06,3.6
LNS14000000,2022,M05,3.6
LNS14000000,2022,M04,3.7
LNS14000000,2022,M03,3.7
LNS14000000,2022,M02,3.9
LNS14000000,2022,M01,4.0
LNS14000000,2021,M12,3.9
LNS14000000,2021,M11,4.1
LNS14000000,2021,M10,4.5
LNS14000000,2021,M09,4.7
LNS14000000,2021,M08,5.1
LNS14000000,2021,M07,5.4
LNS14000000,2021,M06,5.9
LNS14000000,2021,M05,5.8
LNS14000000,2021,M04,6.1
LNS14000000,2021,M03,6.1
LNS14000000,2021,M02,6.2
LNS14000000,2021,M01,6.4
LNS14000000,2020,M12,6.7
LNS14000000,2020,M11,6.7
LNS14000000,2020,M10,6.9
LNS14000000,2020,M09,7.8
LNS14000000,2020,M08,8.4
LNS14000000,2020,M07,10.2
LNS14000000,2020,M06,11.0
LNS14000000,2020,M05,13.2
LNS14000000,2020,M04,14.8
LNS14000000,2020,M03,4.4
LNS14000000,2020,M02,3.5
LNS14000000,2020,M01,3.6
LNS14000000,2019,M12,3.6
LNS14000000,2019,M11,3.6
LNS14000000,2019,M10,3.6
LNS14000000,2019,M09,3.5
LNS14000000,2019,M08,3.6
LNS14000000,2019,M07,3.7
LNS14000000,2019,M06,3.6
LNS14000000,2019,M05,3.6
LNS14000000,2019,M04,3.7
LNS14000000,2019,M03,3.8
LNS14000000,2019,M02,3.8
LNS14000000,2019,M01,4.0
LNS14000000,2018,M12,3.9
LNS14000000,2018,M11,3.8
LNS14000000,2018,M10,3.8
LNS14000000,2018,M09,3.7
LNS14000000,2018,M08,3.8
LNS14000000,2018,M07,3.8
LNS14000000,2018,M06,4.0
LNS14000000,2018,M05,3.8
LNS14000000,2018,M04,4.0
LNS14000000,2018,M03,4.0
LNS14000000,2018,M02,4.1
LNS14000000,2018,M01,4.0
LNS14000000,2017,M12,4.1
LNS14000000,2017,M11,4.2
LNS14000000,2017,M10,4.2
LNS14000000,2017,M09,4.3
LNS14000000,2017,M08,4.4
LNS14000000,2017,M07,4.3
LNS14000000,2017,M06,4.3
LNS14000000,2017,M05,4.4
LNS14000000,2017,M04,4.4
LNS14000000,2017,M03,4.4
LNS14000000,2017,M02,4.6
LNS14000000,2017,M01,4.7
LNS14000000,2016,M12,4.7
LNS14000000,2016,M11,4.7
LNS14000000,2016,M10,4.9
LNS14000000,2016,M09,5.0
LNS14000000,2016,M08,4.9
LNS14000000,2016,M07,4.8
LNS14000000,2016,M06,4.9
LNS14000000,2016,M05,4.8
LNS14000000,2016,M04,5.1
LNS14000000,2016,M03,5.0
LNS14000000,2016,M02,4.9
LNS14000000,2016,M01,4.8
LNS14000000,2015,M12,5.0
LNS14000000,2015,M11,5.1
LNS14000000,2015,M10,5.0
LNS14000000,2015,M09,5.0
LNS14000000,2015,M08,5.1
LNS14000000,2015,M07,5.2
LNS14000000,2015,M06,5.3
LNS14000000,2015,M05,5.6
LNS14000000,2015,M04,5.4
LNS14000000,2015,M03,5.4
LNS14000000,2015,M02,5.5
LNS14000000,2015,M01,5.7
LNS11300000,2024,M12,62.5
LNS11300000,2024,M11,62.4
LNS11300000,2024,M10,62.5
LNS11300000,2024,M09,62.7
LNS11300000,2024,M08,62.7
LNS11300000,2024,M07,62.7
LNS11300000,2024,M06,62.6
LNS11300000,2024,M05,62.6
LNS11300000,2024,M04,62.6
LNS11300000,2024,M03,62.7
LNS11300000,2024,M02,62.6
LNS11300000,2024,M01,62.5
LNS11300000,2023,M12,62.5
LNS11300000,2023,M11,62.8
LNS11300000,2023,M10,62.6
LNS11300000,2023,M09,62.7
LNS11300000,2023,M08,62.8
LNS11300000,2023,M07,62.6
LNS11300000,2023,M06,62.6
LNS11300000,2023,M05,62.6
LNS11300000,2023,M04,62.6
LNS11300000,2023,M03,62.6
LNS11300000,2023,M02,62.5
LNS11300000,2023,M01,62.4
LNS11300000,2022,M12,62.3
LNS11300000,2022,M11,62.1
LNS11300000,2022,M10,62.2
LNS11300000,2022,M09,62.2
LNS11300000,2022,M08,62.3
LNS11300000,2022,M07,62.1
LNS11300000,2022,M06,62.2
LNS11300000,2022,M05,62.3
LNS11300000,2022,M04,62.2
LNS11300000,2022,M03,62.4
LNS11300000,2022,M02,62.3
LNS11300000,2022,M01,62.2
LNS11300000,2021,M12,62.0
LNS11300000,2021,M11,61.9
LNS11300000,2021,M10,61.8
LNS11300000,2021,M09,61.7
LNS11300000,2021,M08,61.7
LNS11300000,2021,M07,61.8
LNS11300000,2021,M06,61.7
LNS11300000,2021,M05,61.6
LNS11300000,2021,M04,61.6
LNS11300000,2021,M03,61.5
LNS11300000,2021,M02,61.4
LNS11300000,2021,M01,61.4
LNS11300000,2020,M12,61.5
LNS11300000,2020,M11,61.5
LNS11300000,2020,M10,61.7
LNS11300000,2020,M09,61.4
LNS11300000,2020,M08,61.7
LNS11300000,2020,M07,61.5
LNS11300000,2020,M06,61.5
LNS11300000,2020,M05,60.8
LNS11300000,2020,M04,60.1
LNS11300000,2020,M03,62.6
LNS11300000,2020,M02,63.3
LNS11300000,2020,M01,63.3
LNS11300000,2019,M12,63.3
LNS11300000,2019,M11,63.3
LNS11300000,2019,M10,63.3
LNS11300000,2019,M09,63.2
LNS11300000,2019,M08,63.1
LNS11300000,2019,M07,63.1
LNS11300000,2019,M06,63.0
LNS11300000,2019,M05,62.9
LNS11300000,2019,M04,62.8
LNS11300000,2019,M03,63.0
LNS11300000,2019,M02,63.1
LNS11300000,2019,M01,63.1
LNS11300000,2018,M12,63.0
LNS11300000,2018,M11,62.9
LNS11300000,2018,M10,62.9
LNS11300000,2018,M09,62.8
LNS11300000,2018,M08,62.6
LNS11300000,2018,M07,63.0
LNS11300000,2018,M06,63.0
LNS11300000,2018,M05,62.9
LNS11300000,2018,M04,62.9
LNS11300000,2018,M03,62.9
LNS11300000,2018,M02,63.0
LNS11300000,2018,M01,62.7
LNS11300000,2017,M12,62.7
LNS11300000,2017,M11,62.7
LNS11300000,2017,M10,62.7
LNS11300000,2017,M09,63.1
LNS11300000,2017,M08,62.9
LNS11300000,2017,M07,62.9
LNS11300000,2017,M06,62.8
LNS11300000,2017,M05,62.8
LNS11300000,2017,M04,63.0
LNS11300000,2017,M03,62.9
LNS11300000,2017,M02,62.9
LNS11300000,2017,M01,62.8
LNS11300000,2016,M12,62.7
LNS11300000,2016,M11,62.7
LNS11300000,2016,M10,62.8
LNS11300000,2016,M09,62.9
LNS11300000,2016,M08,62.9
LNS11300000,2016,M07,62.8
LNS11300000,2016,M06,62.7
LNS11300000,2016,M05,62.7
LNS11300000,2016,M04,62.9
LNS11300000,2016,M03,63.0
LNS11300000,2016,M02,62.8
LNS11300000,2016,M01,62.7
LNS11300000,2015,M12,62.7
LNS11300000,2015,M11,62.5
LNS11300000,2015,M10,62.5
LNS11300000,2015,M09,62.4
LNS11300000,2015,M08,62.6
LNS11300000,2015,M07,62.6
LNS11300000,2015,M06,62.7
LNS11300000,2015,M05,62.9
LNS11300000,2015,M04,62.8
LNS11300000,2015,M03,62.6
LNS11300000,2015,M02,62.7
LNS11300000,2015,M01,62.9
CES0000000001,2024,M12,158316.0
CES0000000001,2024,M11,158079.0
CES0000000001,2024,M10,157945.0
CES0000000001,2024,M09,157912.0
CES0000000001,2024,M08,157757.0
CES0000000001,2024,M07,157748.0
CES0000000001,2024,M06,157695.0
CES0000000001,2024,M05,157608.0
CES0000000001,2024,M04,157530.0
CES0000000001,2024,M03,157466.0
CES0000000001,2024,M02,157238.0
CES0000000001,2024,M01,157032.0
CES0000000001,2023,M12,156857.0
CES0000000001,2023,M11,156703.0
CES0000000001,2023,M10,156576.0
CES0000000001,2023,M09,156417.0
CES0000000001,2023,M08,156261.0
CES0000000001,2023,M07,156043.0
CES0000000001,2023,M06,155880.0
CES0000000001,2023,M05,155655.0
CES0000000001,2023,M04,155375.0
CES0000000001,2023,M03,155134.0
CES0000000001,2023,M02,155066.0
CES0000000001,2023,M01,154776.0
CES0000000001,2022,M12,154342.0
CES0000000001,2022,M11,154242.0
CES0000000001,2022,M10,153939.0
CES0000000001,2022,M09,153582.0
CES0000000001,2022,M08,153362.0
CES0000000001,2022,M07,153072.0
CES0000000001,2022,M06,152358.0
CES0000000001,2022,M05,151924.0
CES0000000001,2022,M04,151623.0
CES0000000001,2022,M03,151315.0
CES0000000001,2022,M02,150825.0
CES0000000001,2022,M01,150006.0
CES0000000001,2021,M12,149816.0
CES0000000001,2021,M11,149230.0
CES0000000001,2021,M10,148572.0
CES0000000001,2021,M09,147771.0
CES0000000001,2021,M08,147314.0
CES0000000001,2021,M07,146762.0
CES0000000001,2021,M06,145820.0
CES0000000001,2021,M05,145065.0
CES0000000001,2021,M04,144587.0
CES0000000001,2021,M03,144232.0
CES0000000001,2021,M02,143380.0
CES0000000001,2021,M01,142863.0
CES0000000001,2020,M12,142548.0
CES0000000001,2020,M11,142733.0
CES0000000001,2020,M10,142460.0
CES0000000001,2020,M09,141770.0
CES0000000001,2020,M08,140821.0
CES0000000001,2020,M07,139255.0
CES0000000001,2020,M06,137671.0
CES0000000001,2020,M05,133040.0
CES0000000001,2020,M04,130426.0
CES0000000001,2020,M03,150895.0
CES0000000001,2020,M02,152293.0
CES0000000001,2020,M01,152031.0
CES0000000001,2019,M12,151794.0
CES0000000001,2019,M11,151667.0
CES0000000001,2019,M10,151460.0
CES0000000001,2019,M09,151365.0
CES0000000001,2019,M08,151169.0
CES0000000001,2019,M07,150937.0
CES0000000001,2019,M06,150838.0
CES0000000001,2019,M05,150618.0
CES0000000001,2019,M04,150591.0
CES0000000001,2019,M03,150295.0
CES0000000001,2019,M02,150067.0
CES0000000001,2019,M01,150060.0
CES0000000001,2018,M12,149809.0
CES0000000001,2018,M11,149617.0
CES0000000001,2018,M10,149527.0
CES0000000001,2018,M09,149358.0
CES0000000001,2018,M08,149277.0
CES0000000001,2018,M07,149020.0
CES0000000001,2018,M06,148960.0
CES0000000001,2018,M05,148742.0
CES0000000001,2018,M04,148420.0
CES0000000001,2018,M03,148280.0
CES0000000001,2018,M02,148054.0
CES0000000001,2018,M01,147660.0
CES0000000001,2017,M12,147523.0
CES0000000001,2017,M11,147372.0
CES0000000001,2017,M10,147149.0
CES0000000001,2017,M09,147008.0
CES0000000001,2017,M08,146919.0
CES0000000001,2017,M07,146772.0
CES0000000001,2017,M06,146583.0
CES0000000001,2017,M05,146380.0
CES0000000001,2017,M04,146175.0
CES0000000001,2017,M03,145970.0
CES0000000001,2017,M02,145846.0
CES0000000001,2017,M01,145628.0
CES0000000001,2016,M12,145408.0
CES0000000001,2016,M11,145183.0
CES0000000001,2016,M10,145065.0
CES0000000001,2016,M09,144967.0
CES0000000001,2016,M08,144661.0
CES0000000001,2016,M07,144520.0
CES0000000001,2016,M06,144147.0
CES0000000001,2016,M05,143900.0
CES0000000001,2016,M04,143854.0
CES0000000001,2016,M03,143662.0
CES0000000001,2016,M02,143406.0
CES0000000001,2016,M01,143210.0
CES0000000001,2015,M12,143077.0
CES0000000001,2015,M11,142808.0
CES0000000001,2015,M10,142579.0
CES0000000001,2015,M09,142275.0
CES0000000001,2015,M08,142125.0
CES0000000001,2015,M07,141991.0
CES0000000001,2015,M06,141709.0
CES0000000001,2015,M05,141538.0
CES0000000001,2015,M04,141196.0
CES0000000001,2015,M03,140923.0
CES0000000001,2015,M02,140827.0
CES0000000001,2015,M01,140568.0
CES5000000001,2024,M12,2895.0
CES5000000001,2024,M11,2885.0
CES5000000001,2024,M10,2887.0
CES5000000001,2024,M09,2903.0
CES5000000001,2024,M08,2909.0
CES5000000001,2024,M07,2917.0
CES5000000001,2024,M06,2930.0
CES5000000001,2024,M05,2930.0
CES5000000001,2024,M04,2940.0
CES5000000001,2024,M03,2951.0
CES5000000001,2024,M02,2958.0
CES5000000001,2024,M01,2963.0
CES5000000001,2023,M12,2963.0
CES5000000001,2023,M11,2962.0
CES5000000001,2023,M10,2951.0
CES5000000001,2023,M09,2975.0
CES5000000001,2023,M08,2981.0
CES5000000001,2023,M07,3001.0
CES5000000001,2023,M06,3021.0
CES5000000001,2023,M05,3034.0
CES5000000001,2023,M04,3043.0
CES5000000001,2023,M03,3049.0
CES5000000001,2023,M02,3048.0
CES5000000001,2023,M01,3061.0
CES5000000001,2022,M12,3092.0
CES5000000001,2022,M11,3115.0
CES5000000001,2022,M10,3100.0
CES5000000001,2022,M09,3095.0
CES5000000001,2022,M08,3097.0
CES5000000001,2022,M07,3094.0
CES5000000001,2022,M06,3076.0
CES5000000001,2022,M05,3057.0
CES5000000001,2022,M04,3034.0
CES5000000001,2022,M03,3018.0
CES5000000001,2022,M02,2990.0
CES5000000001,2022,M01,2984.0
CES5000000001,2021,M12,2967.0
CES5000000001,2021,M11,2957.0
CES5000000001,2021,M10,2938.0
CES5000000001,2021,M09,2917.0
CES5000000001,2021,M08,2903.0
CES5000000001,2021,M07,2881.0
CES5000000001,2021,M06,2824.0
CES5000000001,2021,M05,2816.0
CES5000000001,2021,M04,2796.0
CES5000000001,2021,M03,2770.0
CES5000000001,2021,M02,2764.0
CES5000000001,2021,M01,2747.0
CES5000000001,2020,M12,2712.0
CES5000000001,2020,M11,2696.0
CES5000000001,2020,M10,2684.0
CES5000000001,2020,M09,2695.0
CES5000000001,2020,M08,2640.0
CES5000000001,2020,M07,2622.0
CES5000000001,2020,M06,2622.0
CES5000000001,2020,M05,2609.0
CES5000000001,2020,M04,2643.0
CES5000000001,2020,M03,2902.0
CES5000000001,2020,M02,2910.0
CES5000000001,2020,M01,2901.0
CES5000000001,2019,M12,2891.0
CES5000000001,2019,M11,2885.0
CES5000000001,2019,M10,2874.0
CES5000000001,2019,M09,2871.0
CES5000000001,2019,M08,2865.0
CES5000000001,2019,M07,2866.0
CES5000000001,2019,M06,2875.0
CES5000000001,2019,M05,2858.0
CES5000000001,2019,M04,2846.0
CES5000000001,2019,M03,2849.0
CES5000000001,2019,M02,2843.0
CES5000000001,2019,M01,2842.0
CES5000000001,2018,M12,2851.0
CES5000000001,2018,M11,2850.0
CES5000000001,2018,M10,2850.0
CES5000000001,2018,M09,2838.0
CES5000000001,2018,M08,2840.0
CES5000000001,2018,M07,2841.0
CES5000000001,2018,M06,2838.0
CES5000000001,2018,M05,2841.0
CES5000000001,2018,M04,2838.0
CES5000000001,2018,M03,2826.0
CES5000000001,2018,M02,2819.0
CES5000000001,2018,M01,2817.0
CES5000000001,2017,M12,2818.0
CES5000000001,2017,M11,2815.0
CES5000000001,2017,M10,2811.0
CES5000000001,2017,M09,2816.0
CES5000000001,2017,M08,2813.0
CES5000000001,2017,M07,2809.0
CES5000000001,2017,M06,2811.0
CES5000000001,2017,M05,2801.0
CES5000000001,2017,M04,2804.0
CES5000000001,2017,M03,2813.0
CES5000000001,2017,M02,2815.0
CES5000000001,2017,M01,2821.0
CES5000000001,2016,M12,2817.0
CES5000000001,2016,M11,2812.0
CES5000000001,2016,M10,2814.0
CES5000000001,2016,M09,2817.0
CES5000000001,2016,M08,2803.0
CES5000000001,2016,M07,2799.0
CES5000000001,2016,M06,2801.0
CES5000000001,2016,M05,2751.0
CES5000000001,2016,M04,2789.0
CES5000000001,2016,M03,2785.0
CES5000000001,2016,M02,2775.0
CES5000000001,2016,M01,2762.0
CES5000000001,2015,M12,2761.0
CES5000000001,2015,M11,2751.0
CES5000000001,2015,M10,2766.0
CES5000000001,2015,M09,2764.0
CES5000000001,2015,M08,2751.0
CES5000000001,2015,M07,2752.0
CES5000000001,2015,M06,2748.0
CES5000000001,2015,M05,2747.0
CES5000000001,2015,M04,2742.0
CES5000000001,2015,M03,2737.0
CES5000000001,2015,M02,2741.0
CES5000000001,2015,M01,2740.0
CES6054150001,2024,M12,2431.4
CES6054150001,2024,M11,2429.2
CES6054150001,2024,M10,2433.4
CES6054150001,2024,M09,2437.6
CES6054150001,2024,M08,2437.2
CES6054150001,2024,M07,2442.6
CES6054150001,2024,M06,2444.7
CES6054150001,2024,M05,2440.6
CES6054150001,2024,M04,2441.0
CES6054150001,2024,M03,2439.8
CES6054150001,2024,M02,2444.6
CES6054150001,2024,M01,2446.9
CES6054150001,2023,M12,2449.8
CES6054150001,2023,M11,2451.1
CES6054150001,2023,M10,2454.0
CES6054150001,2023,M09,2456.5
CES6054150001,2023,M08,2467.0
CES6054150001,2023,M07,2470.7
CES6054150001,2023,M06,2472.9
CES6054150001,2023,M05,2478.2
CES6054150001,2023,M04,2482.4
CES6054150001,2023,M03,2483.5
CES6054150001,2023,M02,2481.3
CES6054150001,2023,M01,2478.6
CES6054150001,2022,M12,2483.0
CES6054150001,2022,M11,2482.9
CES6054150001,2022,M10,2479.0
CES6054150001,2022,M09,2469.3
CES6054150001,2022,M08,2462.0
CES6054150001,2022,M07,2457.1
CES6054150001,2022,M06,2458.3
CES6054150001,2022,M05,2453.3
CES6054150001,2022,M04,2441.6
CES6054150001,2022,M03,2436.5
CES6054150001,2022,M02,2413.6
CES6054150001,2022,M01,2406.9
CES6054150001,2021,M12,2389.5
CES6054150001,2021,M11,2377.8
CES6054150001,2021,M10,2361.2
CES6054150001,2021,M09,2348.9
CES6054150001,2021,M08,2332.0
CES6054150001,2021,M07,2319.6
CES6054150001,2021,M06,2296.9
CES6054150001,2021,M05,2279.1
CES6054150001,2021,M04,2272.3
CES6054150001,2021,M03,2260.5
CES6054150001,2021,M02,2249.0
CES6054150001,2021,M01,2232.6
CES6054150001,2020,M12,2222.1
CES6054150001,2020,M11,2208.3
CES6054150001,2020,M10,2202.5
CES6054150001,2020,M09,2191.3
CES6054150001,2020,M08,2180.6
CES6054150001,2020,M07,2167.2
CES6054150001,2020,M06,2167.7
CES6054150001,2020,M05,2166.1
CES6054150001,2020,M04,2165.8
CES6054150001,2020,M03,2219.8
CES6054150001,2020,M02,2234.1
CES6054150001,2020,M01,2228.5
CES6054150001,2019,M12,2213.6
CES6054150001,2019,M11,2218.9
CES6054150001,2019,M10,2213.8
CES6054150001,2019,M09,2214.1
CES6054150001,2019,M08,2216.4
CES6054150001,2019,M07,2208.2
CES6054150001,2019,M06,2199.7
CES6054150001,2019,M05,2189.4
CES6054150001,2019,M04,2180.7
CES6054150001,2019,M03,2168.7
CES6054150001,2019,M02,2156.9
CES6054150001,2019,M01,2153.6
CES6054150001,2018,M12,2154.4
CES6054150001,2018,M11,2151.6
CES6054150001,2018,M10,2142.4
CES6054150001,2018,M09,2132.8
CES6054150001,2018,M08,2127.7
CES6054150001,2018,M07,2122.1
CES6054150001,2018,M06,2113.7
CES6054150001,2018,M05,2106.1
CES6054150001,2018,M04,2098.3
CES6054150001,2018,M03,2094.1
CES6054150001,2018,M02,2091.6
CES6054150001,2018,M01,2085.2
CES6054150001,2017,M12,2073.5
CES6054150001,2017,M11,2067.5
CES6054150001,2017,M10,2066.1
CES6054150001,2017,M09,2059.8
CES6054150001,2017,M08,2055.8
CES6054150001,2017,M07,2049.2
CES6054150001,2017,M06,2045.4
CES6054150001,2017,M05,2040.9
CES6054150001,2017,M04,2039.2
CES6054150001,2017,M03,2038.0
CES6054150001,2017,M02,2040.1
CES6054150001,2017,M01,2036.1
CES6054150001,2016,M12,2026.1
CES6054150001,2016,M11,2021.1
CES6054150001,2016,M10,2016.4
CES6054150001,2016,M09,2010.4
CES6054150001,2016,M08,1999.9
CES6054150001,2016,M07,1997.8
CES6054150001,2016,M06,1993.2
CES6054150001,2016,M05,1985.9
CES6054150001,2016,M04,1976.6
CES6054150001,2016,M03,1968.3
CES6054150001,2016,M02,1963.0
CES6054150001,2016,M01,1957.2
CES6054150001,2015,M12,1951.7
CES6054150001,2015,M11,1950.9
CES6054150001,2015,M10,1944.7
CES6054150001,2015,M09,1937.6
CES6054150001,2015,M08,1929.6
CES6054150001,2015,M07,1923.0
CES6054150001,2015,M06,1913.8
CES6054150001,2015,M05,1905.7
CES6054150001,2015,M04,1896.9
CES6054150001,2015,M03,1888.3
CES6054150001,2015,M02,1878.1
CES6054150001,2015,M01,1866.3
CES0500000003,2024,M12,35.69
CES0500000003,2024,M11,35.6
CES0500000003,2024,M10,35.46
CES0500000003,2024,M09,35.34
CES0500000003,2024,M08,35.22
CES0500000003,2024,M07,35.08
CES0500000003,2024,M06,35.01
CES0500000003,2024,M05,34.89
CES0500000003,2024,M04,34.76
CES0500000003,2024,M03,34.65
CES0500000003,2024,M02,34.52
CES0500000003,2024,M01,34.47
CES0500000003,2023,M12,34.29
CES0500000003,2023,M11,34.17
CES0500000003,2023,M10,34.08
CES0500000003,2023,M09,34.01
CES0500000003,2023,M08,33.89
CES0500000003,2023,M07,33.85
CES0500000003,2023,M06,33.69
CES0500000003,2023,M05,33.5
CES0500000003,2023,M04,33.43
CES0500000003,2023,M03,33.27
CES0500000003,2023,M02,33.15
CES0500000003,2023,M01,33.02
CES0500000003,2022,M12,32.94
CES0500000003,2022,M11,32.82
CES0500000003,2022,M10,32.7
CES0500000003,2022,M09,32.57
CES0500000003,2022,M08,32.44
CES0500000003,2022,M07,32.34
CES0500000003,2022,M06,32.19
CES0500000003,2022,M05,32.1
CES0500000003,2022,M04,31.96
CES0500000003,2022,M03,31.8
CES0500000003,2022,M02,31.64
CES0500000003,2022,M01,31.6
CES0500000003,2021,M12,31.39
CES0500000003,2021,M11,31.23
CES0500000003,2021,M10,31.14
CES0500000003,2021,M09,30.98
CES0500000003,2021,M08,30.78
CES0500000003,2021,M07,30.66
CES0500000003,2021,M06,30.54
CES0500000003,2021,M05,30.41
CES0500000003,2021,M04,30.22
CES0500000003,2021,M03,30.03
CES0500000003,2021,M02,30.05
CES0500000003,2021,M01,29.93
CES0500000003,2020,M12,29.91
CES0500000003,2020,M11,29.64
CES0500000003,2020,M10,29.54
CES0500000003,2020,M09,29.51
CES0500000003,2020,M08,29.49
CES0500000003,2020,M07,29.39
CES0500000003,2020,M06,29.38
CES0500000003,2020,M05,29.72
CES0500000003,2020,M04,30.04
CES0500000003,2020,M03,28.73
CES0500000003,2020,M02,28.54
CES0500000003,2020,M01,28.43
CES0500000003,2019,M12,28.38
CES0500000003,2019,M11,28.34
CES0500000003,2019,M10,28.24
CES0500000003,2019,M09,28.16
CES0500000003,2019,M08,28.14
CES0500000003,2019,M07,28.03
CES0500000003,2019,M06,27.97
CES0500000003,2019,M05,27.88
CES0500000003,2019,M04,27.79
CES0500000003,2019,M03,27.77
CES0500000003,2019,M02,27.69
CES0500000003,2019,M01,27.59
CES0500000003,2018,M12,27.56
CES0500000003,2018,M11,27.44
CES0500000003,2018,M10,27.37
CES0500000003,2018,M09,27.32
CES0500000003,2018,M08,27.21
CES0500000003,2018,M07,27.1
CES0500000003,2018,M06,27.03
CES0500000003,2018,M05,26.98
CES0500000003,2018,M04,26.91
CES0500000003,2018,M03,26.85
CES0500000003,2018,M02,26.74
CES0500000003,2018,M01,26.72
CES0500000003,2017,M12,26.63
CES0500000003,2017,M11,26.54
CES0500000003,2017,M10,26.5
CES0500000003,2017,M09,26.49
CES0500000003,2017,M08,26.37
CES0500000003,2017,M07,26.35
CES0500000003,2017,M06,26.26
CES0500000003,2017,M05,26.21
CES0500000003,2017,M04,26.18
CES0500000003,2017,M03,26.11
CES0500000003,2017,M02,26.07
CES0500000003,2017,M01,26.0
CES0500000003,2016,M12,25.93
CES0500000003,2016,M11,25.9
CES0500000003,2016,M10,25.9
CES0500000003,2016,M09,25.77
CES0500000003,2016,M08,25.71
CES0500000003,2016,M07,25.69
CES0500000003,2016,M06,25.62
CES0500000003,2016,M05,25.58
CES0500000003,2016,M04,25.53
CES0500000003,2016,M03,25.45
CES0500000003,2016,M02,25.38
CES0500000003,2016,M01,25.37
CES0500000003,2015,M12,25.25
CES0500000003,2015,M11,25.25
CES0500000003,2015,M10,25.2
CES0500000003,2015,M09,25.11
CES0500000003,2015,M08,25.1
CES0500000003,2015,M07,25.01
CES0500000003,2015,M06,24.97
CES0500000003,2015,M05,24.97
CES0500000003,2015,M04,24.89
CES0500000003,2015,M03,24.85
CES0500000003,2015,M02,24.79
CES0500000003,2015,M01,24.74
CUUR0000SA0,2024,M12,315.605
CUUR0000SA0,2024,M11,315.493
CUUR0000SA0,2024,M10,315.664
CUUR0000SA0,2024,M09,315.301
CUUR0000SA0,2024,M08,314.796
CUUR0000SA0,2024,M07,314.54
CUUR0000SA0,2024,M06,314.175
CUUR0000SA0,2024,M05,314.069
CUUR0000SA0,2024,M04,313.548
CUUR0000SA0,2024,M03,312.332
CUUR0000SA0,2024,M02,310.326
CUUR0000SA0,2024,M01,308.417
CUUR0000SA0,2023,M12,306.746
CUUR0000SA0,2023,M11,307.051
CUUR0000SA0,2023,M10,307.671
CUUR0000SA0,2023,M09,307.789
CUUR0000SA0,2023,M08,307.026
CUUR0000SA0,2023,M07,305.691
CUUR0000SA0,2023,M06,305.109
CUUR0000SA0,2023,M05,304.127
CUUR0000SA0,2023,M04,303.363
CUUR0000SA0,2023,M03,301.836
CUUR0000SA0,2023,M02,300.84
CUUR0000SA0,2023,M01,299.17
CUUR0000SA0,2022,M12,296.797
CUUR0000SA0,2022,M11,297.711
CUUR0000SA0,2022,M10,298.012
CUUR0000SA0,2022,M09,296.808
CUUR0000SA0,2022,M08,296.171
CUUR0000SA0,2022,M07,296.276
CUUR0000SA0,2022,M06,296.311
CUUR0000SA0,2022,M05,292.296
CUUR0000SA0,2022,M04,289.109
CUUR0000SA0,2022,M03,287.504
CUUR0000SA0,2022,M02,283.716
CUUR0000SA0,2022,M01,281.148
CUUR0000SA0,2021,M12,278.802
CUUR0000SA0,2021,M11,277.948
CUUR0000SA0,2021,M10,276.589
CUUR0000SA0,2021,M09,274.31
CUUR0000SA0,2021,M08,273.567
CUUR0000SA0,2021,M07,273.003
CUUR0000SA0,2021,M06,271.696
CUUR0000SA0,2021,M05,269.195
CUUR0000SA0,2021,M04,267.054
CUUR0000SA0,2021,M03,264.877
CUUR0000SA0,2021,M02,263.014
CUUR0000SA0,2021,M01,261.582
CUUR0000SA0,2020,M12,260.474
CUUR0000SA0,2020,M11,260.229
CUUR0000SA0,2020,M10,260.388
CUUR0000SA0,2020,M09,260.28
CUUR0000SA0,2020,M08,259.918
CUUR0000SA0,2020,M07,259.101
CUUR0000SA0,2020,M06,257.797
CUUR0000SA0,2020,M05,256.394
CUUR0000SA0,2020,M04,256.389
CUUR0000SA0,2020,M03,258.115
CUUR0000SA0,2020,M02,258.678
CUUR0000SA0,2020,M01,257.971
CUUR0000SA0,2019,M12,256.974
CUUR0000SA0,2019,M11,257.208
CUUR0000SA0,2019,M10,257.346
CUUR0000SA0,2019,M09,256.759
CUUR0000SA0,2019,M08,256.558
CUUR0000SA0,2019,M07,256.571
CUUR0000SA0,2019,M06,256.143
CUUR0000SA0,2019,M05,256.092
CUUR0000SA0,2019,M04,255.548
CUUR0000SA0,2019,M03,254.202
CUUR0000SA0,2019,M02,252.776
CUUR0000SA0,2019,M01,251.712
CUUR0000SA0,2018,M12,251.233
CUUR0000SA0,2018,M11,252.038
CUUR0000SA0,2018,M10,252.885
CUUR0000SA0,2018,M09,252.439
CUUR0000SA0,2018,M08,252.146
CUUR0000SA0,2018,M07,252.006
CUUR0000SA0,2018,M06,251.989
CUUR0000SA0,2018,M05,251.588
CUUR0000SA0,2018,M04,250.546
CUUR0000SA0,2018,M03,249.554
CUUR0000SA0,2018,M02,248.991
CUUR0000SA0,2018,M01,247.867
CUUR0000SA0,2017,M12,246.524
CUUR0000SA0,2017,M11,246.669
CUUR0000SA0,2017,M10,246.663
CUUR0000SA0,2017,M09,246.819
CUUR0000SA0,2017,M08,245.519
CUUR0000SA0,2017,M07,244.786
CUUR0000SA0,2017,M06,244.955
CUUR0000SA0,2017,M05,244.733
CUUR0000SA0,2017,M04,244.524
CUUR0000SA0,2017,M03,243.801
CUUR0000SA0,2017,M02,243.603
CUUR0000SA0,2017,M01,242.839
CUUR0000SA0,2016,M12,241.432
CUUR0000SA0,2016,M11,241.353
CUUR0000SA0,2016,M10,241.729
CUUR0000SA0,2016,M09,241.428
CUUR0000SA0,2016,M08,240.849
CUUR0000SA0,2016,M07,240.628
CUUR0000SA0,2016,M06,241.018
CUUR0000SA0,2016,M05,240.229
CUUR0000SA0,2016,M04,239.261
CUUR0000SA0,2016,M03,238.132
CUUR0000SA0,2016,M02,237.111
CUUR0000SA0,2016,M01,236.916
CUUR0000SA0,2015,M12,236.525
CUUR0000SA0,2015,M11,237.336
CUUR0000SA0,2015,M10,237.838
CUUR0000SA0,2015,M09,237.945
CUUR0000SA0,2015,M08,238.316
CUUR0000SA0,2015,M07,238.654
CUUR0000SA0,2015,M06,238.638
CUUR0000SA0,2015,M05,237.805
CUUR0000SA0,2015,M04,236.599
CUUR0000SA0,2015,M03,236.119
CUUR0000SA0,2015,M02,234.722
CUUR0000SA0,2015,M01,233.707
JTS000000000000000JOL,2024,M12,7295.0
JTS000000000000000JOL,2024,M11,7566.0
JTS000000000000000JOL,2024,M10,7379.0
JTS000000000000000JOL,2024,M09,6943.0
JTS000000000000000JOL,2024,M08,7520.0
JTS000000000000000JOL,2024,M07,7426.0
JTS000000000000000JOL,2024,M06,7416.0
JTS000000000000000JOL,2024,M05,7782.0
JTS000000000000000JOL,2024,M04,7529.0
JTS000000000000000JOL,2024,M03,8206.0
JTS000000000000000JOL,2024,M02,8440.0
JTS000000000000000JOL,2024,M01,8378.0
JTS000000000000000JOL,2023,M12,8520.0
JTS000000000000000JOL,2023,M11,8602.0
JTS000000000000000JOL,2023,M10,8580.0
JTS000000000000000JOL,2023,M09,9259.0
JTS000000000000000JOL,2023,M08,9254.0
JTS000000000000000JOL,2023,M07,8657.0
JTS000000000000000JOL,2023,M06,9180.0
JTS000000000000000JOL,2023,M05,9368.0
JTS000000000000000JOL,2023,M04,9966.0
JTS000000000000000JOL,2023,M03,9655.0
JTS000000000000000JOL,2023,M02,9857.0
JTS000000000000000JOL,2023,M01,10318.0
JTS000000000000000JOL,2022,M12,10902.0
JTS000000000000000JOL,2022,M11,10632.0
JTS000000000000000JOL,2022,M10,10447.0
JTS000000000000000JOL,2022,M09,10800.0
JTS000000000000000JOL,2022,M08,10092.0
JTS000000000000000JOL,2022,M07,11576.0
JTS000000000000000JOL,2022,M06,11283.0
JTS000000000000000JOL,2022,M05,11535.0
JTS000000000000000JOL,2022,M04,11861.0
JTS000000000000000JOL,2022,M03,12301.0
JTS000000000000000JOL,2022,M02,11698.0
JTS000000000000000JOL,2022,M01,11210.0
JTS000000000000000JOL,2021,M12,11520.0
JTS000000000000000JOL,2021,M11,11199.0
JTS000000000000000JOL,2021,M10,11238.0
JTS000000000000000JOL,2021,M09,10834.0
JTS000000000000000JOL,2021,M08,10872.0
JTS000000000000000JOL,2021,M07,10983.0
JTS000000000000000JOL,2021,M06,10319.0
JTS000000000000000JOL,2021,M05,9954.0
JTS000000000000000JOL,2021,M04,9346.0
JTS000000000000000JOL,2021,M03,8499.0
JTS000000000000000JOL,2021,M02,7827.0
JTS000000000000000JOL,2021,M01,7162.0
JTS000000000000000JOL,2020,M12,6773.0
JTS000000000000000JOL,2020,M11,6820.0
JTS000000000000000JOL,2020,M10,6798.0
JTS000000000000000JOL,2020,M09,6511.0
JTS000000000000000JOL,2020,M08,6429.0
JTS000000000000000JOL,2020,M07,6530.0
JTS000000000000000JOL,2020,M06,6129.0
JTS000000000000000JOL,2020,M05,5612.0
JTS000000000000000JOL,2020,M04,4606.0
JTS000000000000000JOL,2020,M03,5894.0
JTS000000000000000JOL,2020,M02,6966.0
JTS000000000000000JOL,2020,M01,7124.0
JTS000000000000000JOL,2019,M12,6699.0
JTS000000000000000JOL,2019,M11,6888.0
JTS000000000000000JOL,2019,M10,7289.0
JTS000000000000000JOL,2019,M09,7124.0
JTS000000000000000JOL,2019,M08,7178.0
JTS000000000000000JOL,2019,M07,7042.0
JTS000000000000000JOL,2019,M06,7194.0
JTS000000000000000JOL,2019,M05,7275.0
JTS000000000000000JOL,2019,M04,7272.0
JTS000000000000000JOL,2019,M03,7317.0
JTS000000000000000JOL,2019,M02,7066.0
JTS000000000000000JOL,2019,M01,7502.0
JTS000000000000000JOL,2018,M12,7489.0
JTS000000000000000JOL,2018,M11,7594.0
JTS000000000000000JOL,2018,M10,7304.0
JTS000000000000000JOL,2018,M09,7411.0
JTS000000000000000JOL,2018,M08,7208.0
JTS000000000000000JOL,2018,M07,7190.0
JTS000000000000000JOL,2018,M06,7230.0
JTS000000000000000JOL,2018,M05,7016.0
JTS000000000000000JOL,2018,M04,6877.0
JTS000000000000000JOL,2018,M03,6818.0
JTS000000000000000JOL,2018,M02,6552.0
JTS000000000000000JOL,2018,M01,6621.0
JTS000000000000000JOL,2017,M12,6336.0
JTS000000000000000JOL,2017,M11,6271.0
JTS000000000000000JOL,2017,M10,6408.0
JTS000000000000000JOL,2017,M09,6320.0
JTS000000000000000JOL,2017,M08,6276.0
JTS000000000000000JOL,2017,M07,6238.0
JTS000000000000000JOL,2017,M06,6305.0
JTS000000000000000JOL,2017,M05,5826.0
JTS000000000000000JOL,2017,M04,6091.0
JTS000000000000000JOL,2017,M03,5811.0
JTS000000000000000JOL,2017,M02,5923.0
JTS000000000000000JOL,2017,M01,5617.0
JTS000000000000000JOL,2016,M12,5964.0
JTS000000000000000JOL,2016,M11,5971.0
JTS000000000000000JOL,2016,M10,5591.0
JTS000000000000000JOL,2016,M09,5868.0
JTS000000000000000JOL,2016,M08,5677.0
JTS000000000000000JOL,2016,M07,5962.0
JTS000000000000000JOL,2016,M06,5742.0
JTS000000000000000JOL,2016,M05,5777.0
JTS000000000000000JOL,2016,M04,5803.0
JTS000000000000000JOL,2016,M03,6129.0
JTS000000000000000JOL,2016,M02,5770.0
JTS000000000000000JOL,2016,M01,6012.0
JTS000000000000000JOL,2015,M12,5845.0
JTS000000000000000JOL,2015,M11,5708.0
JTS000000000000000JOL,2015,M10,5773.0
JTS000000000000000JOL,2015,M09,5488.0
JTS000000000000000JOL,2015,M08,5467.0
JTS000000000000000JOL,2015,M07,6056.0
JTS000000000000000JOL,2015,M06,5248.0
JTS000000000000000JOL,2015,M05,5563.0
JTS000000000000000JOL,2015,M04,5598.0
JTS000000000000000JOL,2015,M03,5210.0
JTS000000000000000JOL,2015,M02,5466.0
JTS000000000000000JOL,2015,M01,5344.0
